gameID,gameResult,GameType,gameTime_string,GameLength,kill,Death,Assist,KDARatio,Badge1,Badge2,champion,Tier_Average,Control_Ward,teammate_champion0,teammate_id0,teammate_champion1,teammate_id1,teammate_champion2,teammate_id2,teammate_champion3,teammate_id3,teammate_champion4,teammate_id4,enermy_champion0,enermy_id0,enermy_champion1,enermy_id1,enermy_champion2,enermy_id2,enermy_champion3,enermy_id3,enermy_champion4,enermy_id4
2352403391,win,Ranked Solo,2021-09-10 12:25:47,35m 45s,11,6,10,3.50:1,Double Kill,empty,Ekko,Master,empty,Camille,Bh Japa,Ekko,Aegis,Tristana,astro,Yasuo,Nínjá,Lulu,SUPaulista,Renekton,hinokagutsuchi,Diana,SateIla Tan,Fizz,TSK Katfish,Kai'Sa,ataides1,Yuumi,Artic
2346148052,win,Ranked Solo,2021-09-01 12:19:30,27m 17s,7,3,6,4.33:1,Double Kill,MVP,Graves,Grandmaster,empty,Ornn,doravante,Evelynn,keio,Graves,Aegis,Vayne,Klaus,Lulu,CIaudão,Sett,Nínjá,Lee Sin,os mlk tem fal,Qiyana,Portuga,Veigar,the bitter end,Taric,Pronect
2345990120,lose,Ranked Solo,2021-09-01 07:55:14,35m 2s,10,10,6,1.60:1,ACE,empty,Lee Sin,Master,empty,Renekton,edenzin,Lee Sin,Aegis,Corki,BERALDO ENSINA,Ezreal,SimCat,Sona,Mainker,Kayle,QUINDINHO,Shaco,kkkbb,Akshan,zKramer,Lucian,CNB Th3Shadow,Janna,Ekiatsu
2345918478,lose,Ranked Solo,2021-09-01 07:10:41,10m 47s,0,2,0,0.00:1,empty,empty,Lee Sin,Master,empty,Jax,The Elysium,Lee Sin,Aegis,Kog'Maw,Quybaratto,Aphelios,SimCat,Yuumi,Mainker,Sett,RickDreamer,Nidalee,SOONY0UNG,Irelia,CBLOLRIOACC120,Jhin,Wooda,Rakan,TheLastUwUardian
2345837917,lose,Ranked Solo,2021-09-01 05:02:54,21m 30s,5,6,0,0.83:1,empty,empty,Vayne,Grandmaster,empty,Lucian,KmarT,Kha'Zix,Mein Caçador,LeBlanc,Shoiti,Vayne,Aegis,Thresh,PinguizinhoDoDab,Ornn,Tepeu,Ekko,Xinxa1,Katarina,TAGITAM,Ashe,faithz,Nautilus,Byaninho De Mauá
2345862685,win,Ranked Solo,2021-09-01 04:10:18,28m 33s,15,3,8,7.67:1,Double Kill,MVP,Graves,Master,empty,Kennen,Fersinho,Olaf,Só Luh,Anivia,Ps And Qs,Lucian,Portgas DD Ace,Nami,Sakura Mai,Camille,haterdeproplay3r,Graves,Aegis,Aurelion Sol,kaito,Varus,hudison,Zyra,L0YSamurai
2345785749,win,Ranked Solo,2021-09-01 02:06:14,26m 6s,6,3,6,4.00:1,empty,empty,Ekko,Master,empty,Aatrox,Maikai,Ekko,Aegis,Aurelion Sol,kaito,Ezreal,woke,Nautilus,Tihuanna,Cassiopeia,Neguinho Do Açaí,Xin Zhao,Son Davas,Talon,Alles ist Jetzt,Lucian,Voti,Thresh,guìgs
2345784018,win,Ranked Solo,2021-09-01 01:29:22,21m 1s,12,2,4,8.00:1,Double Kill,MVP,Graves,Grandmaster,empty,Riven,Distinct,Graves,Aegis,Sylas,moontalkk,Varus,faithz,Thresh,CHAINS N THINGS,Lucian,KmarT,Jarvan IV,Talon A1,Ryze,Grevzin,Ezreal,Brance de Neve,Yuumi,ap bot
2345752312,lose,Ranked Solo,2021-09-01 00:57:55,34m 41s,19,5,6,5.00:1,Triple Kill,ACE,Lee Sin,Master,empty,Renekton,Hillszera,Taliyah,nukan2,Aurelion Sol,TRUE Olkaida,Varus,Manjirö Sänö,Thresh,Pittt,Riven,Fuuu,Lee Sin,Aegis,Swain,Motakun,Samira,ap bot,Pyke,MonoPykeManiaco
2345699586,lose,Ranked Solo,2021-08-31 23:48:47,20m 54s,1,10,3,0.40:1,empty,empty,Camille,Master,empty,Camille,Aegis,Lee Sin,i will be worthy,Vladimir,xsfcdazzzzzzzz,Aphelios,witchouse,Thresh,r0t,Illaoi,AST Lellis,Zac,Kütarö,Neeko,Vk Ghostt,Ezreal,Storm 8,Sona,Poyson
2344936537,win,Ranked Solo,2021-08-30 12:29:59,24m 40s,15,1,13,28.00:1,Triple Kill,MVP,Lee Sin,Grandmaster,empty,Irelia,cant stop me now,Viego,twitch saint1xd,Qiyana,fusca aquatico,Vayne,LBJ23GOAT,Yuumi,meowwwwww,Jayce,SkB,Lee Sin,Aegis,Lissandra,KrastyeI,Kalista,n vou pedir 15,Thresh,Frepz
2344904042,lose,Ranked Solo,2021-08-30 11:52:14,27m 6s,8,6,4,2.00:1,Triple Kill,ACE,Evelynn,Master,empty,Volibear,Joseph Joéstar,Evelynn,Aegis,Zoe,tuctuctucotuctuc,Kalista,Cóbb,Taric,Pronect,Jayce,budget top 1,Graves,BUDUVIWESER,Akali,Lamani,Ezreal,FA Dipper,Yuumi,Minerva
2344065528,lose,Ranked Solo,2021-08-29 15:10:08,31m 49s,9,8,8,2.13:1,ACE,empty,Camille,Master,empty,Camille,Aegis,Evelynn,yayyy,Kassadin,mecdeiros,Aphelios,idontwantu2leave,Lulu,Gräyy,Darius,SADSHOW,Fiddlesticks,vou intar ,Akali,AureosXx,Ezreal,Woohee,Senna,TWITCH oAyllus
2344016866,win,Ranked Solo,2021-08-29 12:42:59,15m 41s,6,1,6,12.00:1,Double Kill,empty,Kha'Zix,Grandmaster,empty,Renekton,Soweto,Lillia,Lisa Ovelhinha,Lee Sin,alek kzh fan,Lucian,Roderik,Thresh,Shuru,Lux,Eyer God Blessed,Kha'Zix,Aegis,Fiora,Fiorajj1,Varus,baëpsae,Leona,ibanah
2344012171,lose,Ranked Solo,2021-08-29 12:15:17,38m 54s,15,8,11,3.25:1,Double Kill,ACE,Lee Sin,Master,empty,Renekton,Vitus the Braun,Lee Sin,Aegis,LeBlanc,God Will Reward,Karthus,pls make hentai,Alistar,Lucaolol,Jayce,muteallIlIlIlIlI,Nidalee,Neephesto,Lucian,DOINB Fã boy,Kai'Sa,BK FROID DJONGA,Leona,Thayto Mestre
2343891077,win,Ranked Solo,2021-08-29 10:10:17,34m 45s,19,7,8,3.86:1,Double Kill,MVP,Graves,Grandmaster,empty,Aatrox,NACH0,Graves,Aegis,Katarina,TAGITAM,Seraphine,mejai supremacy,Senna,THIG0,Tahm Kench,Xinxa1,Viego,SAINTLOL,Orianna,anyyy,Xayah,Nicomando,Bard,Pirattaa
2343867410,lose,Ranked Solo,2021-08-29 09:24:30,21m 47s,4,3,4,2.67:1,ACE,empty,Lee Sin,Grandmaster,empty,Gangplank,hawkyano,Hecarim,Vinicete,Tryndamere,Tirano Onda,Senna,Kise Ryouta,Rakan,maria rejane,Quinn,ShaQuinn1,Lee Sin,Aegis,Ezreal,pecopecopeco,Syndra,Amatsu,Soraka,Vento
2343844545,win,Ranked Solo,2021-08-29 08:53:46,22m 0s,5,2,7,6.00:1,empty,empty,Lee Sin,Master,empty,Shen,Zaitama,Gragas,self hater,Yasuo,feII something,Ashe,Fhosky,Lulu,Zanty,Renekton,qpalzmwoaj,Lee Sin,Aegis,Fizz,shiye,Ziggs,happy tristana,Yuumi,JHud
2342731990,win,Ranked Solo,2021-08-28 01:58:42,21m 54s,7,1,4,11.00:1,MVP,empty,Lee Sin,Grandmaster,empty,Irelia,TwTv bartti1,Lee Sin,Aegis,Katarina,leo beyblade,Xayah,ninjakiwi123,Bard,TWITCH oAyllus,Orianna,visão,Rek'Sai,Belizário,Volibear,n vou pedir 15,Lucian,PSG Unified,Rakan,Redentor2
2341777202,win,Ranked Solo,2021-08-26 12:25:00,31m 30s,11,3,8,6.33:1,MVP,empty,Karthus,Master,empty,Renekton,chyfer,Nunu & Willump,Pagys,Akshan,WinterBoy,Ashe,Eyer God Blessed,Thresh,Morttheus,Trundle,Sasuke Uchiwa,Karthus,Aegis,Yone,courtesy,Vayne,caiote pitbull,Karma,MeriIo
2341122000,lose,Ranked Solo,2021-08-25 13:34:47,25m 17s,1,9,4,0.56:1,empty,empty,Ekko,Master,empty,Gangplank,handmade ego,Viego,Xínxa,LeBlanc,neyzz,Samira,lvl3allwin,Janna,WAN7ED,Kled,delkrk,Ekko,Aegis,Pyke,LêoN,Kog'Maw,Yerleyeh,Zilean,Mandioquinhaa
2341089193,win,Ranked Solo,2021-08-25 12:59:53,27m 8s,5,4,18,5.75:1,empty,empty,Karthus,Master,empty,Kennen,mentalidadeforte,Kindred,Neephesto,Zed,icone do urf,Samira,mööncake,Yuumi,lofi oceans,Aatrox,way to the ban,Karthus,Aegis,Yone,Roronoa,Draven,NydiaaFf,Thresh,Hijo do Tiki
2340901598,win,Ranked Solo,2021-08-25 08:17:47,29m 2s,5,3,8,4.33:1,Double Kill,empty,Ezreal,Master,empty,Camille,bloomïng,Viego,RIP DONDA,Katarina,ShaytanHuntar,Ezreal,Aegis,Sona,Terral,Sett,The Elysium,Lee Sin,Guia,Lucian,midqwer,Tristana,mööncake,Rakan,Aulelo
2340777531,lose,Ranked Solo,2021-08-25 07:40:27,27m 52s,6,6,1,1.17:1,Double Kill,empty,Draven,Master,empty,Warwick,Teda98,Nocturne,MARLINDO LEITOSO,Renekton,Linkey,Ashe,ÂBE10,Rakan,Elleres,Shyvana,FúrinKazan,Karthus,dartora d juliet,Yone,mecha morra,Draven,Aegis,Leona,Tânato
2340862989,win,Ranked Solo,2021-08-25 06:57:44,16m 30s,9,0,11,Perfect,Double Kill,empty,Lee Sin,Grandmaster,empty,Renekton,SkB,Lee Sin,Aegis,Ryze,Tutsz,Vayne,Delphin,Rakan,Redentor2,Jayce,Wendy Sulca,Nidalee,Guia,Qiyana,Fuuu,Ezreal,Morttheus,Leona,Frepz
2340639678,lose,Ranked Solo,2021-08-25 06:05:12,26m 27s,9,5,8,3.40:1,Double Kill,empty,Viego,Master,empty,Sett,Forlin,Ekko,CNB KreMe,Twitch,falconsinho02,Kog'Maw,ForzaKing,Rakan,Thomasjéjé Kss,Poppy,FiIipoppy,Viego,Aegis,Katarina,leo beyblade,Varus,caju1,Yuumi,Aromage
2340666386,lose,Ranked Solo,2021-08-25 05:32:27,25m 28s,3,8,9,1.50:1,empty,empty,Thresh,Grandmaster,empty,Camille,Paclo,Nunu & Willump,lee kicked you,Yasuo,wind lapse,Heimerdinger,yeb,Trundle,bulas,Kayle,QUINDINHO,Rengar,mybotlaneistrash,Zed,PraQueDormir,Kog'Maw,ForzaKing,Thresh,Aegis
2340452290,win,Ranked Solo,2021-08-24 14:29:21,31m 42s,14,8,9,2.88:1,Triple Kill,empty,Nidalee,Grandmaster,empty,Rakan,Corsair Quinn,Nocturne,MARLINDO LEITOSO,Karthus,Mandioquinhaa,Twitch,Yerleyeh,Trundle,Yuki Schumacher,Wukong,love wukong,Nidalee,Aegis,Talon,SateIla Tan,Ezreal,sneez 9,Yuumi,SUPaulista
2339701449,lose,Ranked Solo,2021-08-23 13:09:24,21m 29s,9,10,3,1.20:1,Double Kill,empty,Ezreal,Master,empty,Quinn,galeforce yeager,Nunu & Willump,RAMONDANONE,Kassadin,Dawnsuel,Ashe,TzBrentCar,Janna,ahri enthusiast,Malphite,Themonio,Diana,axczsdasd,Yasuo,1241241412,Ezreal,Aegis,Leona,Ulabdus
2338932892,win,Ranked Solo,2021-08-22 13:25:18,16m 52s,10,0,5,Perfect,Double Kill,MVP,Lee Sin,Master,empty,Illaoi,AST Lellis,Kayn,Asphyxiated,Fizz,TiTiltei KK XD,Draven,AltTabo,Lux,Nami D0 Tietê,Camille,motaarado,Lee Sin,Aegis,Ryze,qqqqqqqqqqwww,Ezreal,sonyxw idk,Yuumi,Micelatos
2338907665,win,Ranked Solo,2021-08-22 12:47:47,28m 51s,4,5,9,2.60:1,empty,empty,Vayne,Master,empty,Rumble,whiteflower,Viego,Kotoco Master,Jayce,cant stop me now,Ashe,Glorszinho,Thresh,Urban Shock,Camille,budget top 1,Nidalee,NãoQueroSerVocê,Graves,Oganja Braddock,Vayne,Aegis,Nautilus,sup joZE
2337739041,win,Ranked Solo,2021-08-21 02:51:27,17m 10s,9,0,2,Perfect,Double Kill,empty,Olaf,Master,empty,Irelia,Angelzada,Olaf,Aegis,Sylas,etreaI,Ashe,FA Dazai,Trundle,HenriSthel,Lucian,love kennen,Kayn,Vivaldi Spring,Twisted Fate,pecopecopeco,Vayne,n vou pedir 15,Lulu,bulas
2337776378,lose,Ranked Solo,2021-08-21 02:26:01,18m 39s,2,5,4,1.20:1,empty,empty,Lee Sin,Grandmaster,empty,Shen,Siickínho,Xin Zhao,One wínged angel,Sylas,dansan1,Varus,Zioubiudasi,Karma,Griba1,Kled,COORDER,Lee Sin,Aegis,Ryze,OXG celo,Ezreal,Blazar1 ,Trundle,CHAINS N THINGS
2336882010,win,Ranked Solo,2021-08-19 12:49:02,33m 51s,9,3,10,6.33:1,empty,empty,Xin Zhao,Master,empty,Renekton,tokyo wonder,Xin Zhao,Aegis,Orianna,Washin,Ezreal,TheCortez,Nami,TakeruX,Graves,Yupps,Master Yi,MASTER YI DOENTE,Twisted Fate,vTi,Ashe,g1yu,Sona,getoutpls
2336165386,lose,Ranked Solo,2021-08-18 13:50:33,21m 38s,1,5,2,0.60:1,empty,empty,Olaf,Grandmaster,empty,Wukong,love wukong,Kha'Zix,212 vip black,Twisted Fate,pecopecopeco,Kai'Sa,TheFoxz,Janna,Renanzinhooo xD,Fiora,Fiorajj1,Olaf,Aegis,Seraphine,Sonância,Draven,Adc 10c,Swain,Motakun
2336162737,win,Ranked Solo,2021-08-18 13:05:40,26m 29s,12,5,6,3.60:1,Double Kill,empty,Olaf,Master,empty,Renekton,Xofa,Olaf,Aegis,Sylas,azek,Varus,sunday morningXX,Thresh,Woohee,Sion,Luv sic pt 5,Shaco,TiTiltei KK XD,Xerath,PODER CEREBRAL,Tristana,patience itself,Senna,Terral
2336099773,lose,Ranked Solo,2021-08-18 12:32:18,35m 29s,10,9,6,1.78:1,Double Kill,ACE,Lee Sin,Grandmaster,empty,Riven,trëma,Kha'Zix,itsuka kitto,Orianna,Guia,Kai'Sa,TheCortez,Pyke,Twitch Shyky,Camille,Sparked,Lee Sin,Aegis,Draven,PODER CEREBRAL,Varus,thay lover,Rakan,Renanzinhooo xD
2335378319,lose,Ranked Solo,2021-08-17 13:45:27,28m 51s,10,7,9,2.71:1,empty,empty,Camille,Grandmaster,empty,Camille,Aegis,Xin Zhao,Dajar the Legend,Kassadin,zzninjaxzz11,Vayne,netuno3,Lulu,Tiagomal,Tryndamere,Dtt,Evelynn,Minerva,Irelia,better days9,Ezreal,Roderik,Yuumi,Sonância
2335386229,lose,Ranked Solo,2021-08-17 13:03:34,24m 49s,9,6,5,2.33:1,Double Kill,empty,Olaf,Master,empty,Vladimir,Motakun,Olaf,Aegis,Seraphine,Düna,Aphelios,TheFoxz,Sona,Riiquee,Fiora,shady mathers,Evelynn,Minerva,Xerath,Maxminus,Tristana,patience itself,Yuumi,TakeruX
2335383713,win,Ranked Solo,2021-08-17 12:33:59,31m 28s,9,10,16,2.50:1,Double Kill,empty,Lee Sin,Master,empty,Akshan,fka twïgs,Diana,DrakTyr,Sylas,put my shoes,Aphelios,21121999,Lulu,O THRESHÃO,Riven,motaarado,Lee Sin,Aegis,Lucian,mik wazowski,Seraphine,Terral,Taric,Pronect
2334815974,win,Ranked Solo,2021-08-16 14:13:32,20m 29s,14,1,7,21.00:1,Triple Kill,MVP,Lee Sin,Master,empty,Camille,Odeio Jannä,Diana,Soweto,Draven,PODER CEREBRAL,Ashe,DarkVentusx,Pyke,PikoBoss,Renekton,The Crossover,Lee Sin,Aegis,Sylas,chyfer,Ezreal,2891743198245712,Senna,Sonância
2334843976,win,Ranked Solo,2021-08-16 13:42:39,28m 4s,9,6,2,1.83:1,Double Kill,empty,Draven,Grandmaster,empty,Warwick,Warwick de Crocs,Lee Sin,Dajar the Legend,Twisted Fate,vTi,Draven,Aegis,Karma,RENANZlNHOOO,Aatrox,Jamal1,Rumble,ad2812,Viktor,Synsation rpk,Aphelios,shin hyuk,Lulu,love nwantiti
2334862307,win,Ranked Solo,2021-08-16 13:02:42,15m 13s,2,2,0,1.00:1,empty,empty,Draven,Master,empty,Lee Sin,TKZ meufharm,Kindred,presetdocalabras,Graves,cant stop me now,Kai'Sa,RENANZlNHOOO,Fiddlesticks,Nestorzinho,Jayce,chinese guy,Olaf,SHINI 1407,Viktor,Synsation rpk,Draven,Aegis,Thresh,Vôlei Player
2334080388,lose,Ranked Solo,2021-08-15 14:59:49,28m 42s,8,7,6,2.00:1,empty,empty,Lee Sin,Master,empty,Fiora,Stargazer7,Lee Sin,Aegis,Diana,fka twïgs,Aphelios,patience itself,Thresh,FIREZlN,Camille,motaarado,Nidalee,StineR,Qiyana,Crimson King,Caitlyn,adclvpar2234936,Morgana,Nestorzinho
2333999711,lose,Ranked Solo,2021-08-15 14:24:08,16m 10s,3,5,3,1.20:1,empty,empty,Viego,Master,empty,Camille,motaarado,Evelynn,Mips,Talon,ShuraKhan,Ashe,patience itself,Rakan,Im Lukan,Akali,Wendy Sulca,Viego,Aegis,Zed,crawl,Kai'Sa,adclvpar2234936,Morgana,Nestorzinho
2333976895,lose,Ranked Solo,2021-08-15 13:48:12,23m 49s,7,6,1,1.33:1,empty,empty,Irelia,Master,empty,Irelia,Aegis,Rumble,Juanito1,Akali,Leoxyzo,Kai'Sa,obg brazil 2021,Leona,Vôlei Player,Lucian,Wendy Sulca,Lee Sin,soloking1,Zed,crawl,Ezreal,Morttheus,Yuumi,Sonância
2333994014,lose,Ranked Solo,2021-08-15 13:16:18,26m 32s,13,6,7,3.33:1,Quadra Kill,ACE,Draven,Master,empty,Jayce,hainel,Diana,310 clear,Viego,wolfinho123,Draven,Aegis,Leona,opfuagbynnda,Lucian,obg brazil 2021,Lee Sin,Transfer from KR,Orianna,FRNC Theseus,Aphelios,my demon amber ,Trundle,Vôlei Player
2334020209,lose,Ranked Solo,2021-08-15 12:35:32,21m 12s,1,3,1,0.67:1,empty,empty,Ezreal,Master,empty,Jax,netuno3,Graves,mecha morra,Orianna,FRNC Theseus,Ashe,ruIeruzideft,Thresh,seeds of hope,Dr. Mundo,R bwdodo,Ekko,GUCCI JULIOPROFE,Yasuo,TAGITAM,Ezreal,Aegis,Sona,UmaNovaDespencou
2333955780,lose,Ranked Solo,2021-08-15 11:58:45,27m 38s,6,3,5,3.67:1,empty,empty,Evelynn,Master,empty,Fiora,BT1 JotaEme,Lee Sin,motaarado,Lux,Cupic,Vayne,Moeeb,Thresh,Child Shrek,Tahm Kench,Akiruwu,Evelynn,Aegis,Yasuo,RivenRico,Draven,sonyxw idk,Pyke,Twitch Shyky
2333931051,win,Ranked Solo,2021-08-15 11:19:02,35m 59s,2,8,6,1.00:1,empty,empty,Graves,Master,empty,Malphite,Kami,Kha'Zix,T1 Jean,Graves,Aegis,Ziggs,faithz,Yuumi,My darkness,Tryndamere,Tirano e Botando,Viego,D3K,LeBlanc,Riery,Ezreal,HAHAAHHAHAHAXDD,Rakan,PNG ESEQ
2333155360,lose,Ranked Solo,2021-08-14 12:52:57,25m 21s,1,3,6,2.33:1,empty,empty,Ashe,Grandmaster,empty,Wukong,love wukong,Kha'Zix,alek kzh fan,Karthus,Mandioquinhaa,Ashe,Aegis,Lulu,Griba1,Camille,chinese guy,Lee Sin,SHINI 1407,Katarina,QUINDINHO,Tristana,budget top 1,Thresh,Wizer1
2332379877,win,Ranked Solo,2021-08-13 14:20:03,22m 22s,3,2,2,2.50:1,empty,empty,Draven,Grandmaster,empty,Riven,Dtt,Kha'Zix,EloHigh GP,Zed,ShuraKhan,Twitch,Stay Or Be Alone,Thresh,Frepz,Darius,berg,Xin Zhao,doravante,Karthus,Mandioquinhaa,Draven,Aegis,Janna,Jóka
2332358713,lose,Ranked Solo,2021-08-13 13:52:14,28m 13s,5,8,4,1.13:1,empty,empty,Caitlyn,Grandmaster,empty,Garen,FúrinKazan,Jarvan IV,MASTER YI DOENTE,Lux,Procurando Nami,Caitlyn,Aegis,Yuumi,Misales,Jayce,Stargazer7,Rammus,jg randal,Cassiopeia,Atlanta,Graves,Oganja Braddock,Janna,Jóka
2332385970,lose,Ranked Solo,2021-08-13 13:07:26,25m 19s,3,5,1,0.80:1,empty,empty,Graves,Grandmaster,empty,Garen,AST Lellis,Viego,9076,LeBlanc,anyyy,Aphelios,FIX1,Janna,Terral,Warwick,Warwick de Crocs,Rengar,PODER CEREBRAL,Graves,Aegis,Wukong,love wukong,Brand,hawk mais frio
2332372988,lose,Ranked Solo,2021-08-13 12:29:55,26m 36s,8,4,0,2.00:1,Double Kill,ACE,Graves,Master,empty,Graves,Aegis,Diana,9076,Katarina,Guilhermito,Ezreal,KZ Deft,Sona,Kerline,Lee Sin,Yampi,Hecarim,Purezzâ,LeBlanc,chyfer,Jhin,KIDTRUNKS TRALHA,Blitzcrank,Preciso de WD40
2332319054,win,Ranked Solo,2021-08-13 11:50:09,28m 45s,8,6,5,2.17:1,Double Kill,empty,Graves,Grandmaster,empty,Camille,budget top 1,Olaf,Guia,Graves,Aegis,Ezreal,xwzy9,Karma,dy4dx,Fiora,Yampi,Skarner,jxggr,Renekton,Oganja Braddock,Varus,thay lover,Thresh,Renanzinhooo xD
2331646192,win,Ranked Solo,2021-08-12 13:55:45,32m 5s,2,4,26,7.00:1,empty,empty,Thresh,Grandmaster,empty,Wukong,love wukong,Zac,a littIe story,Sylas,better days9,Varus,obg brazil 2021,Thresh,Aegis,Fiora,Crëy,Viego,iMaaasTeR,Kassadin,RNS Yuri,Aphelios,UY AD,Zilean,Renanzinhooo xD
2331664295,win,Ranked Solo,2021-08-12 13:12:12,32m 22s,28,2,5,16.50:1,Double Kill,MVP,Evelynn,Grandmaster,empty,Fiora,Crëy,Lee Sin,a littIe story,Viktor,TheFoxz,Lucian,lvl3allwin,Braum,dezin rei delas,Rengar,arlon547,Evelynn,Aegis,Graves,better days9,Jhin,Twitch oleandrao,Karma,Woohee
2331671956,win,Ranked Solo,2021-08-12 12:26:59,26m 18s,10,3,1,3.67:1,Triple Kill,empty,Akali,Master,empty,Akali,Aegis,Rammus,joaomitoHU32,Akshan,Amo Abelhas,Twitch,Yerleyeh,Nami,dezin rei delas,Mordekaiser,mentalidadeforte,Taliyah,Guia,Yone,gary,Aphelios,Lee Min hyeöng,Thresh,OldSongsNewSelf
2330808917,lose,Ranked Solo,2021-08-11 11:44:15,17m 8s,6,5,4,2.00:1,ACE,empty,Lee Sin,Grandmaster,empty,Irelia,Qats,Olaf,doravante,Sylas,neyzz,Caitlyn,lmagine Aurelion,Morgana,Yoona,Jax,Amo Abelhas,Lee Sin,Aegis,Anivia,Raul Mono Anivia,Ashe,Shoiti,Rakan,PNG ESEQ
2330310566,lose,Ranked Solo,2021-08-10 11:18:35,32m 37s,9,8,7,2.00:1,Double Kill,ACE,Diana,Grandmaster,empty,Warwick,Warwick de Crocs,Lee Sin,paiN JG1,Taliyah,Lux Desgraçada,Ashe,Amatsu,Thresh,Frepz,Jayce,PATADADECANGURO,Diana,Aegis,Tryndamere,Tirano Onda,Vayne,EDG Viper31,Lulu,Vento
2329943928,lose,Ranked Solo,2021-08-10 06:57:08,34m 49s,3,8,11,1.75:1,Double Kill,empty,Ashe,Master,empty,Kennen,hell symphony,Graves,MRN Miguel Matta,Swain,Motakun,Kai'Sa,Rag1,Seraphine,Drytea,Sett,BACKDOOR7777,Viego,doravante,Anivia,Verminw,Ashe,Aegis,Tahm Kench,lagadoidao
2329910471,win,Ranked Solo,2021-08-10 05:46:28,26m 27s,13,2,10,11.50:1,Double Kill,empty,Diana,Master,empty,Quinn,ShaQuinn Sanmad,Xin Zhao,jg randal,Anivia,no flash ranked,Vladimir,lmagine Aurelion,Yuumi,getoutpls,Darius,T0P DÍFF,Diana,Aegis,Jayce,ZotalenV2,Tristana,Brunkss,Thresh,missss
2329873600,lose,Ultimates,2021-08-10 04:20:42,22m 35s,10,7,5,2.14:1,Double Kill,empty,Lee Sin,empty,empty,Viego,PMW TOCANTINS,Akshan,Socoroooooo,Lee Sin,Aegis,Ezreal,Nikulao,Aatrox,Marsupial Azul,Gragas,iKaawan,Ekko,Th Johnson,Ezreal,biduzerA,Garen,yGG Balder,Shaco,CYB Sequel
2329842504,win,Ultimates,2021-08-10 03:49:13,25m 36s,11,9,7,2.00:1,Double Kill,empty,Lee Sin,empty,empty,Warwick,Hagrwid Muller,Vayne,Elysees,Yuumi,XxRubyxX,Lee Sin,Aegis,Skarner,yone pontepreta,Volibear,vURSÃOdaCocaCola,Shyvana,Laurinhafofa,Bard,Ydalashê,Lee Sin,Viego Pescotapa,Viego,Vatten
2328371270,win,Ultimates,2021-08-08 00:14:48,19m 0s,17,2,8,12.50:1,Double Kill,empty,Lee Sin,empty,empty,Annie,Sujiro Ki fujja,Viego,CSQJunior,Lee Sin,Aegis,Evelynn,Lukario99,Zoe,Asus ROG,Draven,God Lamont,Urgot,Dealkis,Lee Sin,Bayne,Akali,MasterRazer,Senna,BAD BOY REVENGE
2328309159,win,Ultimates,2021-08-07 23:49:11,14m 23s,14,2,4,9.00:1,Quadra Kill,empty,Lee Sin,empty,empty,Riven,TroslladorAoVivo,Olaf,Cluzu,Morgana,PRAETORIANI,Lee Sin,Aegis,Ashe,lNikito,Jax,Frenierre,Akali,Bayne,Akshan,paty piruzinho,Viego,Undead,Annie,empresa podre
2327527840,win,Ranked Solo,2021-08-06 13:45:49,22m 36s,2,3,8,3.33:1,empty,empty,Diana,Grandmaster,empty,Illaoi,AST Lellis,Lee Sin,LeelaZero,Sylas,slezzy,Ezreal,teuzinnn,Karma,Slint,Kayle,budget top 1,Diana,Aegis,Talon,dant,Aphelios,Kími,Thresh,Yuki Schumacher
2327516717,lose,Ranked Solo,2021-08-06 13:12:35,16m 8s,4,2,2,3.00:1,empty,empty,Karthus,Grandmaster,empty,Irelia,Ranço,Karthus,Aegis,Talon,dant,Varus,Followinho,Seraphine,Micelatos,Jayce,qqqqqqqqqqwww,Rek'Sai,twitch saint1xd,Swain,Motakun,Aphelios,Kími,Bard,MegasMIL
2327553567,lose,Ranked Solo,2021-08-06 12:46:20,25m 45s,4,7,8,1.71:1,ACE,empty,Evelynn,Grandmaster,empty,Tahm Kench,twitch saint1xd,Evelynn,Aegis,Irelia,Titeito,Kai'Sa,Kími,Yuumi,Micelatos,Riven,Ranço,Diana,a littIe story,Lucian,Grevzin,Ezreal,Yuki Schumacher,Seraphine,Misales
2327266629,win,Ranked Solo,2021-08-06 06:05:06,22m 23s,16,1,11,27.00:1,Double Kill,MVP,Diana,Master,empty,Riven,Distinct,Diana,Aegis,Yasuo,nashi,Ziggs,MK mts,Karma,SICK MENTAL GAME,Jayce,BT1 JotaEme,Kha'Zix,whoneedsmemories,Lux,Lash,Xayah,oãgeN olavaC,Galio,sup joZE
2327208785,win,Ranked Solo,2021-08-06 04:11:10,16m 14s,6,0,4,Perfect,Double Kill,MVP,Xin Zhao,Master,empty,Tahm Kench,fail to learn,Xin Zhao,Aegis,Vladimir,Motakun,Aphelios,when rains pours,Nami,Artic,Irelia,Ranço,Diana,kkkbb,Akshan,TURBO BROKEN,Ezreal,kadaki,Pyke,StuneR xD
2327157416,win,Ranked Solo,2021-08-06 03:34:36,26m 51s,9,7,9,2.57:1,Triple Kill,empty,Diana,Master,empty,Tahm Kench,PhD em Gadologia,Diana,Aegis,Yasuo,mid dokito,Ezreal,Lost tupper1,Gragas,copy light,Trundle,ap bot,Kindred,betrayer,Sylas,Fersinho,Heimerdinger,Billy 1000,Yuumi,ShuraKhan
2327145244,win,Ranked Solo,2021-08-06 02:26:36,25m 59s,1,6,14,2.50:1,empty,empty,Zac,Grandmaster,empty,Jayce,FLA SuperCIeber,Nidalee,CycleConrad,Lucian,Eltrico,Kalista,ninjakiwi123,Leona,ZAYBAS,Jax,Jax,Zac,Aegis,Katarina,Paradies,Ezreal,disappointments,Yuumi,Rainha
2327142284,win,Ranked Solo,2021-08-06 01:30:50,25m 13s,9,3,7,5.33:1,Double Kill,empty,Diana,Grandmaster,empty,Akshan,FA Dazai,Evelynn,Qoneuoudanonb,Lucian,etreaI,Kai'Sa,Nilec1,Lulu,My Angel Bauti,Jayce,s0rry mom,Diana,Aegis,Talon,GM Magnus C 2847,Ezreal,caiote pitbull,Sona,Viniscar
2326371075,lose,Ranked Solo,2021-08-04 15:41:14,28m 7s,4,13,9,1.00:1,empty,empty,Draven,Grandmaster,empty,Katarina,Guilhermito,Lee Sin,Stay Or Be Alone,Lux,Triat,Kalista,shin hyuk,Nautilus,Riiquee,Dr. Mundo,R bwdodo,Diana,Xínxa,Tryndamere,SateIla Tan,Draven,Aegis,Nami,Slint
2326339278,lose,Ranked Solo,2021-08-04 15:02:26,19m 57s,1,4,1,0.50:1,empty,empty,Lucian,Master,empty,Renekton,en plein jour,Lucian,Aegis,Shyvana,Sasuke Uchiwa,Ashe,world we created,Zyra,Riiquee,Shen,Toih,Lee Sin,EVANDRO DO DENDE,Yasuo,courtesy,Syndra,DarkVentusx,Thresh,cryin lihin
2326327755,lose,Ranked Solo,2021-08-04 14:11:51,31m 2s,11,6,9,3.33:1,Double Kill,empty,Lee Sin,Master,empty,Irelia,itoshi rin,Lillia,slezzy,Jayce,chyfer,Kalista,ÂBE10,Leona,Twitv Nemotag,Tahm Kench,INTACCOUNT1337,Lee Sin,Aegis,Syndra,Kestra,Ashe,Klaus,Yuumi,Artic
2326326295,lose,Ranked Solo,2021-08-04 13:27:19,20m 50s,4,4,2,1.50:1,ACE,empty,Ashe,Master,empty,Irelia,Mc MT,Lee Sin,erakook,Lux,Kestra,Ezreal,idontwantu2leave,Yuumi,Artic,Fiora,Rei Kurosawa,Karthus,Dajar the Legend,LeBlanc,The Kowalski,Ashe,Aegis,Karma,TakeruX
2326343891,lose,Ranked Solo,2021-08-04 12:49:29,20m 53s,2,4,7,2.25:1,empty,empty,Karthus,Master,empty,Renekton,orange gap,Karthus,Aegis,Talon,Toih,Jhin,TTV oleandrao,Thresh,obg brazil 2021,Fiora,EloHigh Nasus,Lee Sin,Mayakuza,Sylas,NFushi,Xayah,ravenzin,Lulu,CIaudão
